{"stat.pickup.minecraft.gravel":27,"stat.leaveGame":2,"stat.pickup.minecraft.flint":2,"stat.craftItem.notreepunching.grass_string":2,"stat.jump":160,"stat.swimOneCm":3679,"stat.fallOneCm":1643,"stat.useItem.notreepunching.axe/flint":13,"stat.crouchOneCm":22,"stat.pickup.minecraft.dirt":4,"stat.pickup.minecraft.feather":4,"stat.pickup.minecraft.leather":2,"stat.damageTaken":40,"stat.pickup.minecraft.planks":8,"stat.flyOneCm":20231,"stat.pickup.minecraft.wheat_seeds":1,"stat.mineBlock.minecraft.gravel":25,"stat.damageDealt":327,"stat.timeSinceDeath":16502,"stat.killEntity.Cow":2,"stat.mineBlock.minecraft.dirt":1,"stat.walkOneCm":21986,"stat.pickup.minecraft.stick":6,"stat.useItem.notreepunching.knife/flint":30,"stat.useItem.minecraft.log":4,"stat.useItem.minecraft.gravel":24,"stat.pickup.minecraft.log":10,"stat.pickup.notreepunching.grass_fiber":8,"stat.pickup.minecraft.beef":5,"stat.pickup.minecraft.chicken":2,"stat.pickup.minecraft.sapling":5,"stat.sprintOneCm":40398,"stat.pickup.notreepunching.flint_shard":4,"stat.killEntity.Chicken":2,"stat.mobKills":5,"stat.mineBlock.minecraft.log":10,"stat.craftItem.notreepunching.axe/flint":1,"stat.mineBlock.minecraft.leaves":35,"stat.playOneMinute":16502,"stat.sneakTime":126,"stat.craftItem.notreepunching.knife/flint":2,"stat.mineBlock.minecraft.tallgrass":19,"stat.diveOneCm":806}