{"stat.drop.minecraft.waterlily":1,"stat.leaveGame":7,"stat.mineBlock.minecraft.cobblestone":8,"stat.pickup.minecraft.flint":18,"stat.mineBlock.minecraft.brown_mushroom":2,"stat.craftItem.minecraft.wool":4,"stat.craftItem.notreepunching.grass_string":41,"stat.useItem.minecraft.mutton":4,"stat.useItem.mod_lavacow.glowshroom":2,"stat.swimOneCm":40593,"stat.entityKilledBy.techguns.ZombieFarmer":1,"stat.climbOneCm":818,"stat.useItem.minecraft.planks":3,"stat.useItem.minecraft.dirt":91,"stat.useItem.minecraft.stone_slab2":72,"stat.pickup.camping.sleeping_bag":5,"stat.pickup.minecraft.sand":9,"stat.craftItem.minecraft.furnace":2,"stat.useItem.minecraft.egg":3,"stat.pickup.notreepunching.rock/diorite":15,"stat.pickup.minecraft.cobblestone":8,"stat.entityKilledBy.techguns.ZombieSoldier":1,"stat.flyOneCm":243469,"stat.pickup.minecraft.brown_mushroom":3,"stat.mineBlock.minecraft.sand":12,"stat.useItem.notreepunching.pickaxe/flint":154,"stat.drop.minecraft.wheat_seeds":31,"stat.craftItem.toughasnails.campfire":1,"stat.drop.minecraft.sand":2,"stat.mineBlock.camping.tent":1,"stat.mineBlock.minecraft.iron_ore":8,"stat.pickup.xlfoodmod.strawberry_seeds":1,"stat.timeSinceDeath":63898,"stat.pickup.mod_lavacow.intestine":2,"stat.pickup.minecraft.mutton":16,"stat.pickup.minecraft.double_plant":1,"stat.useItem.notreepunching.knife/flint":275,"stat.mineBlock.minecraft.vine":3,"stat.pickup.techguns.basicore":6,"stat.drop.minecraft.gravel":8,"stat.furnaceInteraction":27,"stat.pickup.xlfoodmod.lettuce_seeds":1,"stat.mineBlock.minecraft.coal_ore":24,"stat.pickup.minecraft.beef":19,"stat.useItem.minecraft.cooked_mutton":3,"stat.pickup.minecraft.furnace":2,"stat.craftItem.minecraft.stone_slab2":0,"stat.sprintOneCm":180203,"stat.pickup.notreepunching.rock/granite":3,"stat.craftItem.notreepunching.saw/iron":1,"stat.useItem.xlfoodmod.onion":2,"stat.mineBlock.minecraft.crafting_table":5,"stat.useItem.notreepunching.rock/diorite":3,"stat.craftItem.notreepunching.fire_starter":3,"stat.pickup.dynamictrees.oakseed":20,"stat.useItem.minecraft.beef":9,"stat.pickup.xlfoodmod.pepper_seeds":2,"stat.deaths":3,"stat.pickup.mod_lavacow.veil_shroom":1,"stat.drop":9,"stat.pickup.minecraft.egg":3,"stat.playOneMinute":108238,"stat.killEntity.Sheep":11,"stat.mineBlock.camping.sleeping_bag":3,"stat.pickup.minecraft.slime_ball":1,"stat.mineBlock.minecraft.tallgrass":248,"stat.craftItem.minecraft.cooked_mutton":3,"stat.diveOneCm":20875,"stat.killEntity.mod_lavacow.raven":1,"stat.pickup.minecraft.gravel":238,"stat.pickup.minecraft.waterlily":1,"stat.useItem.minecraft.apple":1,"stat.pickup.mod_lavacow.cordy_shroom":1,"stat.mineBlock.mod_lavacow.veil_shroom":1,"stat.pickup.xlfoodmod.onion":2,"stat.jump":1750,"stat.useItem.minecraft.sand":4,"stat.pickup.minecraft.coal":24,"stat.fallOneCm":28021,"stat.useItem.notreepunching.axe/flint":54,"stat.crouchOneCm":62924,"stat.craftItem.minecraft.iron_ingot":6,"stat.pickup.minecraft.dirt":97,"stat.craftingTableInteraction":22,"stat.pickup.minecraft.iron_ore":10,"stat.pickup.mod_lavacow.glowshroom":7,"stat.boatOneCm":102189,"stat.pickup.xlfoodmod.tomato_seeds":1,"stat.pickup.minecraft.leather":7,"stat.damageTaken":996,"stat.pickup.minecraft.feather":3,"stat.pickup.notreepunching.rock/stone":302,"stat.mineBlock.minecraft.torch":9,"stat.mineBlock.minecraft.furnace":2,"stat.pickup.minecraft.dye":2,"stat.pickup.minecraft.planks":24,"stat.pickup.minecraft.reeds":44,"stat.pickup.minecraft.wheat_seeds":44,"stat.entityKilledBy.Zombie":1,"stat.mineBlock.minecraft.gravel":252,"stat.craftItem.notreepunching.pickaxe/flint":4,"stat.pickup.camping.hemp":3,"stat.damageDealt":2418,"stat.sleepInBed":2,"stat.killEntity.Cow":11,"stat.mineBlock.xlfoodmod.grass":6,"stat.mineBlock.minecraft.dirt":102,"stat.pickup.minecraft.boat":2,"stat.pickup.techguns.itemshared":1,"stat.walkOneCm":242233,"stat.useItem.minecraft.torch":1,"stat.mineBlock.camping.hemp":4,"stat.pickup.minecraft.stick":54,"stat.useItem.minecraft.log":6,"stat.pickup.minecraft.crafting_table":5,"stat.mineBlock.techguns.basicore":7,"stat.craftItem.minecraft.crafting_table":3,"stat.useItem.minecraft.gravel":204,"stat.mineBlock.minecraft.double_plant":9,"stat.craftItem.firstaid.plaster":2,"stat.craftItem.minecraft.boat":1,"stat.pickup.minecraft.log":68,"stat.pickup.notreepunching.grass_fiber":124,"stat.drop.minecraft.sapling":1,"stat.pickup.minecraft.chicken":4,"stat.pickup.minecraft.sapling":2,"stat.pickup.minecraft.apple":1,"stat.pickup.notreepunching.flint_shard":34,"stat.killEntity.Chicken":3,"stat.mineBlock.mod_lavacow.glowshroom":4,"stat.mobKills":25,"stat.drop.notreepunching.rock/stone":1,"stat.mineBlock.minecraft.log":15,"stat.mineBlock.minecraft.waterlily":2,"stat.mineBlock.mod_lavacow.cordy_shroom":1,"stat.craftItem.minecraft.cooked_chicken":1,"stat.useItem.minecraft.boat":3,"stat.craftItem.notreepunching.axe/flint":4,"stat.mineBlock.minecraft.leaves":66,"stat.pickup.camping.tent":2,"stat.craftItem.notreepunching.mattock/iron":1,"stat.pickup.minecraft.torch":9,"stat.sneakTime":24017,"stat.craftItem.notreepunching.knife/flint":8,"stat.mineBlock.minecraft.stone":105,"stat.craftItem.minecraft.cobblestone":14}